{
   "attached_device_id" : "3645308865",
   "device" : {
      "eye_target_height_in_pixels" : 1080,
      "eye_target_width_in_pixels" : 960,
      "first_eye" : "eEYE_LEFT",
      "last_eye" : "eEYE_RIGHT",
      "num_windows" : 1,
      "persistence" : 0.010499999858438969,
      "physical_aspect_x_over_y" : 0.88880002498626709
   },
   "device_class" : "hmd",
   "device_pid" : 0,
   "device_serial_number" : "LHR-XXXXXXXX",
   "device_vid" : 0,
   "display_edid" : [ "", "" ],
   "display_gc" : {
      "black_clamp" : 0.011764706112444401
   },
   "head" : {
      "plus_x" : [ -1, -0, 0 ],
      "plus_z" : [ 0, -0, 1 ],
      "position" : [ 0, 0, 0 ]
   },
   "imu" : {
      "acc_bias" : [ 0, 0, 0 ],
      "acc_scale" : [ 1, 1, 1 ],
      "gyro_bias" : [ 0, 0, 0 ],
      "gyro_scale" : [ 1, 1, 1 ],
      "plus_x" : [ 0, -1, 0 ],
      "plus_z" : [ 0, 0, 1 ],
      "position" : [ -0.02996, 0.00599989, -0.04925 ]
   }, 
   "lighthouse_config" : {
       "channelMap" : [22, 24, 20, 18, 14, 16, 12, 10, 8, 6, 4, 2, 0, 30, 29, 31, 1, 3, 5, 7, 9, 15, 11, 13, 17, 19, 21, 23, 25, 27, 28, 26 ],
   "modelNormals" : [
       [0.851,0.397,-0.342],
       [0.397131, 0.85165074, -0.34202014],
       [0.707107, 0, -0.70710678],
       [0.742404, 0.34618861, 0.57357644],
       [0.996195, 0, -0.08715574],
       [0.707107, 0, -0.70710678],
       [0.742404, -0.34618861, 0.57357644],
       [0.851651, -0.39713126, -0.34202014],
       [0.397131, -0.85165074, -0.34202014],
       [0.346189, -0.74240388, 0.57357644],
       [0, -0.81915204, 0.57357644],
       [0, -0.70710678, -0.70710678],
       [0.11399, -0.22798078, -0.96696999],
       [0.11399, 0.22798078, -0.96696999],
       [0, 0.70710678, -0.70710678],
       [-0.11399, 0.22798078, -0.96696999],
       [-0.11399, -0.22798078, -0.96696999],
       [0, -0.9961947, -0.08715574],
       [-0.346189, -0.74240388, 0.57357644],
       [-0.397131, -0.85165074, -0.34202014],
       [-0.851651, -0.39713126, -0.34202014],
       [-0.707107, 0, -0.70710678],
       [-0.742404, -0.34618861, 0.57357644],
       [-0.996195, 0, -0.08715574],
       [-0.742404, 0.34618861, 0.57357644],
       [-0.707107, 0, -0.70710678],
       [-0.851651, 0.39713126, -0.34202014],
       [-0.397131, 0.85165074, -0.34202014],
       [-0.346189, 0.74240388, 0.57357644],
       [0, 0.81915204, 0.57357644],
       [0, 0.9961947, -0.08715574],
       [0.346189, 0.74240388, 0.57357644]
       ],
   "modelPoints" : [
      [0.098861, 0.05082544, -0.03731398],
      [0.096528, 0.06404811, -0.01777466],
      [0.09635, 0.04049419, -0.04664985],
      [0.116724, 0.03002811, -0.00383718],
      [0.12265, 0, -0.01461624],
      [0.115735, -0.01561981, -0.0272649],
      [0.116724, -0.03002789, -0.00383738],
      [0.098861, -0.05082544, -0.03731398],
      [0.096528, -0.06404811, -0.01777472],
      [0.069887, -0.07678927, -0.00383718],
      [0.027612, -0.08006558, -0.00385666],
      [0.015, -0.04475906, -0.05824094],
      [0.045929, -0.02837858, -0.06150445],
      [0.04593, 0.02837852, -0.0615044],
      [-0.015, 0.04475906, -0.05824094],
      [-0.045929, 0.02837858, -0.06150445],
      [-0.04593, -0.02837852, -0.0615044],
      [-0.048124, -0.08266, -0.01450529],
      [-0.069887, -0.07678952, -0.00383737],
      [-0.096528, -0.0640481, -0.01777467],
      [-0.098861, -0.05082544, -0.03731398],
      [-0.115734, -0.0156188, -0.02726562],
      [-0.116724, -0.03002811, -0.00383718],
      [-0.12265, 0, -0.01461624],
      [-0.116724, 0.03002789, -0.00383738],
      [-0.09635, 0.04049405, -0.04664975],
      [-0.098861, 0.05082544, -0.03731398],
      [-0.096529, 0.0640481, -0.01777456],
      [-0.069887, 0.07678927, -0.00383718],
      [-0.027612, 0.08006558, -0.00385666],
      [0.048124, 0.08266, -0.01450529],
      [0.069887, 0.07678952, -0.00383737]
      ]
   },
   "render_model" : "vr_controller_02_mrhat_puck",
   "revision" : 4,
   "tracking_to_eye_transform" : [
      {
         "distortion" : {
            "center_x" : 0,
            "center_y" : 0,
            "coeffs" : [ 0, 0, 0, 0, 0, 0, 0, 0 ],
            "type" : "DISTORT_DPOLY3"
         },
         "distortion_blue" : {
            "center_x" : 0,
            "center_y" : 0,
            "coeffs" : [ 0, 0, 0, 0, 0, 0, 0, 0 ],
            "type" : "DISTORT_DPOLY3"
         },
         "distortion_red" : {
            "center_x" : 0,
            "center_y" : 0,
            "coeffs" : [ 0, 0, 0, 0, 0, 0, 0, 0 ],
            "type" : "DISTORT_DPOLY3"
         },
         "extrinsics" : [
            [ 1, 0, 0, 0 ],
            [ 0, 1, 0, 0 ],
            [ 0, 0, 1, 0 ]
         ],
         "grow_for_undistort" : 0.60000002384185791,
         "intrinsics" : [
            [ 1, 0, 0 ],
            [ 0, 1, 0 ],
            [ 0, 0, -1 ]
         ],
         "undistort_r2_cutoff" : 1
      },
      {
         "distortion" : {
            "center_x" : 0,
            "center_y" : 0,
            "coeffs" : [ 0, 0, 0, 0, 0, 0, 0, 0 ],
            "type" : "DISTORT_DPOLY3"
         },
         "distortion_blue" : {
            "center_x" : 0,
            "center_y" : 0,
            "coeffs" : [ 0, 0, 0, 0, 0, 0, 0, 0 ],
            "type" : "DISTORT_DPOLY3"
         },
         "distortion_red" : {
            "center_x" : 0,
            "center_y" : 0,
            "coeffs" : [ 0, 0, 0, 0, 0, 0, 0, 0 ],
            "type" : "DISTORT_DPOLY3"
         },
         "extrinsics" : [
            [ 1, 0, 0, 0 ],
            [ 0, 1, 0, 0 ],
            [ 0, 0, 1, 0 ]
         ],
         "grow_for_undistort" : 0.60000002384185791,
         "intrinsics" : [
            [ 1, 0, 0 ],
            [ 0, 1, 0 ],
            [ 0, 0, -1 ]
         ],
         "undistort_r2_cutoff" : 1
      }
   ],
   "type" : "Lighthouse_HMD"
}
