{
   "attached_device_id" : "3645308865",
   "device": {
        "eye_target_height_in_pixels": 1200,
        "eye_target_width_in_pixels": 1080,
        "first_eye": "eEYE_LEFT",
        "last_eye": "eEYE_RIGHT",
        "num_windows": 1,
        "persistence": 0.011110999621450901,
        "physical_aspect_x_over_y": 0.8999999761581421
    },
   "device_class" : "controller",
   "device_pid" : 0,
   "device_serial_number" : "LHR-12345678",
   "device_vid" : 0,
   "head" : {
      "plus_x" : [ -1, 0, 0 ],
      "plus_z" : [ 0, 0, 1 ],
      "position" : [ 0, 0, 0.025 ]
   },

"tracking_to_eye_transform": [
        {
            "distortion": {
                "center_x": 0.0916253468604646,
                "center_y": -0.008958136501509747,
                "coeffs": [
                    -0.2200250995496121,
                    -0.02550956056672398,
                    -0.04843259355347252,
                    0.0,
                    0.0,
                    0.0,
                    0.0,
                    0.0
                ],
                "type": "DISTORT_DPOLY3"
            },
            "distortion_blue": {
                "center_x": 0.0916253468604646,
                "center_y": -0.008958136501509747,
                "coeffs": [
                    -0.2481863604651295,
                    0.0127170908622652,
                    -0.07216435977547986,
                    0.0,
                    0.0,
                    0.0,
                    0.0,
                    0.0
                ],
                "type": "DISTORT_DPOLY3"
            },
            "distortion_red": {
                "center_x": 0.0916253468604646,
                "center_y": -0.008958136501509747,
                "coeffs": [
                    -0.186021594701423,
                    -0.07738142625171215,
                    -0.02011867751178964,
                    0.0,
                    0.0,
                    0.0,
                    0.0,
                    0.0
                ],
                "type": "DISTORT_DPOLY3"
            },
            "extrinsics": [
                [
                    1.0,
                    0.0,
                    0.0,
                    0.03109734132885933
                ],
                [
                    0.0,
                    1.0,
                    0.0,
                    -2.235174179077148e-08
                ],
                [
                    0.0,
                    0.0,
                    1.0,
                    -7.450580596923828e-09
                ]
            ],
            "grow_for_undistort": 0.6000000238418579,
            "intrinsics": [
                [
                    1.208940267562866,
                    0.0,
                    -0.09162534773349762
                ],
                [
                    0.0,
                    1.088605284690857,
                    -0.008062322624027729
                ],
                [
                    0.0,
                    0.0,
                    -1.0
                ]
            ],
            "undistort_r2_cutoff": 1.119080662727356
        },
        {
            "distortion": {
                "center_x": -0.08589996495210928,
                "center_y": -0.007095401606649906,
                "coeffs": [
                    -0.2184870974290052,
                    -0.03553670335290843,
                    -0.03561699474507192,
                    0.0,
                    0.0,
                    0.0,
                    0.0,
                    0.0
                ],
                "type": "DISTORT_DPOLY3"
            },
            "distortion_blue": {
                "center_x": -0.08589996495210928,
                "center_y": -0.007095401606649906,
                "coeffs": [
                    -0.2638354972605388,
                    0.0385619879492697,
                    -0.07868503413608781,
                    0.0,
                    0.0,
                    0.0,
                    0.0,
                    0.0
                ],
                "type": "DISTORT_DPOLY3"
            },
            "distortion_red": {
                "center_x": -0.08589996495210928,
                "center_y": -0.007095401606649906,
                "coeffs": [
                    -0.1830979403778444,
                    -0.08946543771920644,
                    -0.006699237052551099,
                    0.0,
                    0.0,
                    0.0,
                    0.0,
                    0.0
                ],
                "type": "DISTORT_DPOLY3"
            },
            "extrinsics": [
                [
                    1.0,
                    0.0,
                    0.0,
                    -0.03109737858176231
                ],
                [
                    0.0,
                    1.0,
                    0.0,
                    -2.235174179077148e-08
                ],
                [
                    0.0,
                    0.0,
                    1.0,
                    -7.450580596923828e-09
                ]
            ],
            "grow_for_undistort": 0.6000000238418579,
            "intrinsics": [
                [
                    1.212113857269287,
                    0.0,
                    0.0858999639749527
                ],
                [
                    0.0,
                    1.090829849243164,
                    -0.006385861430317164
                ],
                [
                    0.0,
                    0.0,
                    -1.0
                ]
            ],
            "undistort_r2_cutoff": 1.100026726722717
        }
    ],



   "imu" : {
      "acc_bias" : [ 0, 0, 0 ],
      "acc_scale" : [ 1, 1, 1 ],
      "gyro_bias" : [ 0, 0, 0 ],
      "gyro_scale" : [ 1, 1, 1 ],
      "plus_x" : [ 0, 1, 0 ],
      "plus_z" : [ 0, -0, 1 ],
      "position" : [ 0.00733, -0.00041, -0.0476 ]
   },
   "lighthouse_config" : {
      "channelMap" : [
         1,
	 2,
	 3,
	 4,
	 5,
	 6,
	 7,
	 8,
	 9,
	 10,
	 11,
	 12,
	 13,
	 14,
	 15,
	 16,
	 17,
	 18,
	 19,
	 20,
	 21,
	 22,
	 23,
	 24,
	 25,
	 26,
	 27,
	 28,
	 29,
	 30,
	 31,
	 32
      ],
      "modelNormals" : [
         [-0.397131, 0.85165074, -0.34202014],
	 [0.346189, 0.74240388, 0.57357644],
	 [-0.851651, 0.39713126, -0.34202014],
	 [0, 0.81915204, 0.57357644],
	 [-0.346189, 0.74240388, 0.57357644],
	 [0.742404, 0.34618861, 0.57357644],
	 [-0.707107, 0, -0.70710678],
	 [-0.346189, -0.74240388, 0.57357644],
	 [-0.116397, 0.23279436, -0.96553534],
	 [-0.742404, 0.34618861, 0.57357644],
	 [-0.996195, 0, -0.08715574],
	 [-0.707107, 0, -0.70710678],
	 [-0.397131, -0.85165074, -0.34202014],
	 [-0.851651, -0.39713126, -0.34202014],
	 [-0.116397, -0.23279436, -0.96553534],
	 [-0.742404, -0.34618861, 0.57357644],
	 [0.346189, -0.74240388, 0.57357644],
	 [0, -0.9961947, -0.08715574],
	 [0, -0.81915204, 0.57357644],
	 [0, -0.70710678, -0.70710678],
	 [0.851651, -0.39713126, -0.34202014],
	 [0.996195, 0, -0.08715574],
	 [0.397131, -0.85165074, -0.34202014],
	 [0.116397, -0.23279436, -0.96553534],
	 [0.116397, 0.23279436, -0.96553534],
	 [0.707107, 0, -0.70710678],
	 [0.742404, -0.34618861, 0.57357644],
	 [0.707107, 0, -0.70710678],
	 [0.397131, 0.85165074, -0.34202014],
	 [0, 0.70710678, -0.70710678],
	 [0.851651, 0.39713126, -0.34202014],
	 [0, 0.9961947, -0.08715574]
      ],